Company,SaleDate,SaleAmt,Currency
LifeLock,1-May-07,6850000,USD
LifeLock,1-Oct-06,6000000,USD
LifeLock,1-Jan-08,25000000,USD
MyCityFaces,1-Jan-08,50000,USD
Flypaper,1-Feb-08,3000000,USD
Infusionsoft,1-Oct-07,9000000,USD
gAuto,1-Jan-08,250000,USD
ChosenList.com,1-Oct-06,140000,USD
ChosenList.com,25-Jan-08,233750,USD
Digg,1-Dec-06,8500000,USD
Digg,1-Oct-05,2800000,USD
Facebook,1-Sep-04,500000,USD
Facebook,1-May-05,12700000,USD
Facebook,1-Apr-06,27500000,USD
Facebook,1-Oct-07,300000000,USD
Facebook,1-Mar-08,40000000,USD
Facebook,15-Jan-08,15000000,USD
Facebook,1-May-08,100000000,USD
Photobucket,1-May-06,10500000,USD
Photobucket,1-Mar-05,3000000,USD
Omnidrive,1-Dec-06,800000,USD
Geni,1-Jan-07,1500000,USD
Geni,1-Mar-07,10000000,USD
Twitter,1-Jul-07,5400000,USD
Twitter,1-May-08,15000000,USD
StumbleUpon,1-Dec-05,1500000,USD
Gizmoz,1-May-07,6300000,USD
Gizmoz,16-Mar-08,6500000,USD
Scribd,1-Jun-06,12000,USD
Scribd,1-Jan-07,40000,USD
Scribd,1-Jun-07,3710000,USD
Slacker,1-Jun-07,40000000,USD
Slacker,1-Jun-07,13500000,USD
Lala,1-May-07,9000000,USD
Plaxo,1-Nov-02,3800000,USD
Plaxo,1-Jul-03,8500000,USD
Plaxo,1-Apr-04,7000000,USD
Plaxo,1-Feb-07,9000000,USD
Powerset,1-Jun-07,12500000,USD
Technorati,1-Jun-06,10520000,USD
Technorati,1-Sep-04,6500000,USD
Technorati,13-Jun-08,7500000,USD
Technorati,10-May-07,1000000,USD
Mahalo,1-Jan-06,5000000,USD
Mahalo,1-Jan-07,16000000,USD
Kyte,1-Jul-07,2250000,USD
Kyte,1-Dec-07,15000000,USD
Kyte,10-Mar-08,6100000,USD
Veoh,1-Apr-06,12500000,USD
Veoh,1-Aug-07,25000000,USD
Veoh,1-Jul-05,2250000,USD
Veoh,3-Jun-08,30000000,USD
Jingle Networks,1-Oct-06,30000000,USD
Jingle Networks,1-Dec-05,5000000,USD
Jingle Networks,1-Apr-06,26000000,USD
Jingle Networks,1-Oct-05,400000,USD
Jingle Networks,1-Jan-08,13000000,USD
Ning,1-Jul-07,44000000,USD
Ning,1-Apr-08,60000000,USD
JotSpot,1-Aug-04,5200000,USD
Mercora,1-Jan-05,5000000,USD
Wesabe,1-Feb-07,700000,USD
Wesabe,1-Jun-07,4000000,USD
Jangl,1-Jul-06,7000000,USD
Hyphen 8,1-Oct-07,100000,USD
Prosper,1-Jun-07,20000000,USD
Prosper,1-Apr-05,7500000,USD
Prosper,1-Feb-06,12500000,USD
Google,1-Jun-99,25000000,USD
Jajah,1-May-07,20000000,USD
Jajah,1-Mar-06,3000000,USD
Jajah,1-Apr-06,5000000,USD
YouTube,1-Nov-05,3500000,USD
YouTube,1-Apr-06,8000000,USD
Ustream,1-Dec-07,2000000,USD
Ustream,10-Apr-08,11100000,USD
GizmoProject,1-Feb-06,6000000,USD
Adap.tv,1-Jul-07,10000000,USD
Topix,1-Nov-06,15000000,USD
Revision3,1-Sep-06,1000000,USD
Revision3,1-Jun-07,8000000,USD
Aggregate Knowledge,1-Jun-06,5000000,USD
Aggregate Knowledge,1-Apr-07,20000000,USD
Sugar Inc,1-Oct-06,5000000,USD
Sugar Inc,1-Jun-07,10000000,USD
Zing,1-Jan-07,13000000,USD
CriticalMetrics,1-Jan-07,100000,USD
Spock,1-Dec-06,7000000,USD
Wize,1-Jan-07,4000000,USD
SodaHead,1-Jan-07,4250000,USD
SodaHead,25-Jun-08,8400000,USD
CastTV,1-Apr-07,3100000,USD
BuzzNet,1-May-07,6000000,USD
BuzzNet,7-Apr-08,25000000,USD
Funny Or Die,1-Dec-07,15000000,USD
Sphere,1-May-06,3000000,USD
Sphere,1-Apr-05,500000,USD
MeeVee,1-Feb-06,6500000,USD
MeeVee,1-Aug-06,8000000,USD
MeeVee,1-Feb-05,7000000,USD
MeeVee,1-Sep-07,3500000,USD
Mashery,26-Jun-08,2000000,USD
Yelp,1-Oct-06,10000000,USD
Yelp,1-Oct-05,5000000,USD
Yelp,1-Jul-04,1000000,USD
Yelp,26-Feb-08,15000000,USD
Spotplex,1-Jan-07,450000,USD
Coghead,1-Mar-06,3200000,USD
Coghead,1-Mar-07,8000000,USD
Zooomr,1-Feb-06,50000,USD
SideStep,1-Feb-07,15000000,USD
SideStep,1-Jan-04,8000000,USD
SideStep,1-Dec-99,2200000,USD
SideStep,1-Oct-00,6800000,USD
RockYou,1-Jan-07,1500000,USD
RockYou,1-Mar-07,15000000,USD
RockYou,9-Jun-08,35000000,USD
RockYou,27-May-08,1000000,USD
Pageflakes,1-May-06,1300000,USD
Swivel,1-Sep-06,1000000,USD
Swivel,1-Apr-07,1000000,USD
Slide,1-Jul-05,8000000,USD
Slide,1-Jan-08,50000000,USD
Bebo,1-May-06,15000000,USD
freebase,1-Mar-06,15000000,USD
freebase,1-Jan-08,42500000,USD
Metaweb Technologies,15-Jan-08,42000000,USD
Glam Media,1-Jul-04,1100000,USD
Glam Media,1-Jul-05,10000000,USD
Glam Media,1-Dec-06,18500000,USD
Glam Media,1-Feb-08,65000000,USD
Glam Media,1-Feb-08,20000000,USD
TheFind,1-Feb-05,7000000,USD
TheFind,1-Oct-06,4000000,USD
TheFind,1-Jul-07,15000000,USD
Zazzle,1-Jul-05,16000000,USD
Zazzle,1-Oct-07,30000000,USD
Dogster,1-Sep-06,1000000,USD
Pandora,1-Jan-04,7800000,USD
Pandora,1-Oct-05,12000000,USD
Pandora,2-Mar-00,1500000,USD
Cafepress,1-Mar-00,1200000,USD
Cafepress,1-May-01,300000,USD
Cafepress,1-Feb-05,14000000,USD
pbwiki,11-Sep-06,350000,USD
pbwiki,1-Feb-07,2100000,USD
AdBrite,1-Sep-04,4000000,USD
AdBrite,1-Feb-06,8000000,USD
AdBrite,1-Nov-07,23000000,USD
Loomia,1-Jun-05,1000000,USD
Loomia,1-Apr-08,5000000,USD
Meebo,1-Dec-05,3500000,USD
Meebo,1-Jan-07,9000000,USD
Meebo,30-Apr-08,25000000,USD
Eventbrite,1-Nov-06,100000,USD
LinkedIn,1-Nov-03,4700000,USD
LinkedIn,1-Oct-04,10000000,USD
LinkedIn,1-Jan-07,12800000,USD
LinkedIn,17-Jun-08,53000000,USD
FlickIM,1-Mar-07,1600000,USD
Terabitz,1-Feb-07,10000000,USD
Healthline,1-Jan-06,14000000,USD
Healthline,1-Jul-07,21000000,USD
Box.net,1-Oct-06,1500000,USD
Box.net,23-Jan-08,6000000,USD
Conduit,1-Jul-06,1800000,USD
Conduit,1-Jan-08,8000000,USD
Edgeio,1-Jul-07,5000000,USD
Spot Runner,1-Jan-06,10000000,USD
Spot Runner,1-Oct-06,40000000,USD
Spot Runner,7-May-08,51000000,USD
Kaboodle,1-Mar-05,1500000,USD
Kaboodle,1-Mar-06,2000000,USD
Kaboodle,1-Mar-07,1500000,USD
Giga Omni Media,1-Jun-06,325000,USD
Visible Path,1-Mar-06,17000000,USD
Visible Path,1-Mar-06,7700000,USD
Wink,1-Jan-05,6200000,USD
seesmic,1-Nov-07,6000000,USD
seesmic,20-Jun-08,6000000,USD
Zvents,7-Nov-06,7000000,USD
Zvents,5-Oct-05,200000,USD
Eventful,1-Sep-06,7500000,USD
Eventful,1-Mar-05,2100000,USD
Oodle,1-May-06,5000000,USD
Oodle,1-Jul-07,11000000,USD
oDesk,1-Apr-06,6000000,USD
oDesk,1-Sep-06,8000000,USD
oDesk,1-Jun-08,15000000,USD
SimplyHired,1-Mar-06,13500000,USD
SimplyHired,5-Aug-05,3000000,USD
ooma,1-Jan-05,8000000,USD
ooma,1-Dec-06,18000000,USD
GoingOn,1-Aug-05,1000000,USD
Flixster,1-Feb-07,2000000,USD
Flixster,4-Apr-08,5000000,USD
Piczo,1-Jan-07,11000000,USD
Socialtext,1-Jun-04,300000,USD
Socialtext,1-Jun-05,3100000,USD
Socialtext,1-Nov-07,9500000,USD
PowerReview,1-Dec-05,6250000,USD
PowerReview,1-Sep-07,15000000,USD
hi5,1-Jul-07,20000000,USD
hi5,1-Dec-07,15000000,USD
Tagged,1-Sep-05,1500000,USD
Tagged,1-Dec-05,7000000,USD
Tagged,1-Jul-07,15000000,USD
Jaxtr,1-Jul-07,1500000,USD
Jaxtr,1-Aug-07,10000000,USD
Jaxtr,23-Jun-08,10000000,USD
Me,1-May-07,1500000,USD
introNetworks,1-May-07,2700000,USD
Leverage Software,14-May-05,6000000,USD
Lithium Technologies,17-Apr-07,9000000,USD
Lithium Technologies,1-Jun-08,12000000,USD
Genius,1-Mar-06,5100000,USD
Genius,1-Jan-07,10000000,USD
Genius,5-Feb-08,19000000,USD
Respectance,1-Jun-07,250000,USD
Respectance,1-Jul-07,1500000,USD
Curse,1-Jul-07,5000000,USD
LicketyShip,1-Dec-07,1500000,USD
Grockit,1-Jun-07,2300000,USD
Grockit,30-May-08,8000000,USD
PeerMe,1-Jan-05,5000000,USD
Kiptronic,1-Dec-06,4000000,USD
Kiptronic,1-Nov-05,300000,USD
Kiptronic,5-Jun-08,3000000,USD
Vuze,1-Dec-06,12000000,USD
Vuze,1-Dec-07,20000000,USD
Phonezoo,1-Jun-06,560000,USD
Phonezoo,1-Feb-07,1500000,USD
Droplet Technology,1-Oct-06,3500000,USD
PodTech,1-Mar-06,5500000,USD
PodTech,1-Jun-07,2000000,USD
Crackle,1-Dec-05,1750000,USD
Reddit,1-Jun-05,100000,USD
Wikia,1-Mar-06,4000000,USD
Wikia,1-Dec-06,10000000,USD
Retrevo,1-Dec-06,3200000,USD
Retrevo,1-Feb-06,700000,USD
Retrevo,20-Mar-08,8000000,USD
Buxfer,1-Jan-07,15000,USD
Buxfer,1-Apr-07,300000,USD
YouSendIt,24-Apr-07,10000000,USD
YouSendIt,1-Aug-05,10000000,USD
YouSendIt,15-Jul-08,14000000,USD
Tangler,1-Jul-06,1500000,USD
obopay,1-Feb-06,10000000,USD
obopay,1-Sep-06,7000000,USD
obopay,1-Jul-07,29000000,USD
obopay,21-Apr-08,20000000,USD
PayPal,1-Apr-00,100000000,USD
PayPal,1-Feb-01,90000000,USD
PayPal,1-Jul-99,4000000,USD
TalkPlus,1-Oct-06,5500000,USD
Vudu,1-Jun-05,21000000,USD
Insider Pages,1-Mar-06,8500000,USD
Snapfish,1-Nov-99,7500000,USD
Snapfish,1-May-00,36000000,USD
Affinity Circles,1-May-06,4100000,USD
Affinity Circles,1-Jun-05,1000000,USD
Affinity Circles,1-Dec-04,440000,USD
IMVU,1-Feb-06,1000000,USD
Nirvanix,19-Dec-07,18000000,USD
Habit Industries,1-Jun-07,15000,USD
Gaia,1-Jun-06,8930000,USD
Gaia,1-Mar-07,12000000,USD
Gaia,14-Jul-08,11000000,USD
GreatCall,1-Aug-07,36600000,USD
Revver,1-Nov-05,4000000,USD
Revver,1-Apr-06,8700000,USD
Metacafe,1-Jul-06,15000000,USD
Metacafe,1-Aug-07,30000000,USD
Flock,1-Nov-05,3300000,USD
Flock,1-Jun-06,10000000,USD
Flock,21-May-08,15000000,USD
VMIX Media,1-Mar-06,5000000,USD
VMIX Media,1-Oct-07,16500000,USD
Kontera,1-Aug-07,10300000,USD
Kontera,1-Jul-06,7000000,USD
Tokbox,1-Oct-07,4000000,USD
Tokbox,6-Aug-08,10000000,USD
Six Apart,1-Oct-04,10000000,USD
Six Apart,1-Mar-06,12000000,USD
Six Apart,23-Apr-03,600000,USD
Weebly,1-May-07,650000,USD
Synthasite,1-Nov-07,5000000,USD
BitTorrent,1-Sep-05,8750000,USD
BitTorrent,1-Dec-06,25000000,USD
Kongregate,1-Mar-07,1000000,USD
Kongregate,1-Aug-07,5000000,USD
Kongregate,1-Apr-08,3000000,USD
DanceJam,1-May-07,1000000,USD
DanceJam,1-Feb-08,3500000,USD
Fathom Online,1-Jul-04,6000000,USD
Zivity,1-Aug-07,1000000,USD
Zivity,1-Mar-08,7000000,USD
BlueLithium,1-Feb-05,11500000,USD
eXpresso,1-Oct-07,2000000,USD
Doostang,1-Sep-07,3500000,USD
Docstoc,1-Nov-07,750000,USD
Docstoc,28-Apr-08,3250000,USD
Mevio,1-Jul-05,8900000,USD
Mevio,1-Sep-06,15000000,USD
Mevio,9-Jul-08,15000000,USD
PureVideo Networks,1-Dec-05,5600000,USD
PureVideo Networks,1-Sep-07,2850000,USD
FilmLoop,1-Feb-05,5600000,USD
BitPass,1-Jul-03,1500000,USD
BitPass,1-Sep-04,11800000,USD
Art.com,1-Feb-05,30000000,USD
Atom Shockwave,1-Mar-01,22900000,USD
CinemaNow,1-Jul-04,11000000,USD
Digital Chocolate,1-Dec-03,8400000,USD
Digital Chocolate,1-Dec-03,13000000,USD
eHarmony,1-Jun-00,3000000,USD
eHarmony,1-Nov-04,110000000,USD
Friendster,1-Dec-02,2400000,USD
Friendster,1-Oct-03,13000000,USD
Friendster,1-Aug-06,10000000,USD
Friendster,5-Aug-08,20000000,USD
Greystripe,1-May-07,8900000,USD
Sling Media,1-Nov-04,10500000,USD
Sling Media,1-Jul-05,4000000,USD
Trulia,1-Dec-05,5700000,USD
Trulia,1-May-07,10000000,USD
Trulia,1-Sep-05,2100000,USD
Trulia,10-Jul-08,15000000,USD
Lending Club,1-May-07,2000000,USD
Lending Club,1-Aug-07,10260000,USD
tubemogul,7-Feb-08,1500000,USD
Gemini,1-Mar-07,20000000,USD
Gemini,1-May-07,5000000,USD
Multiverse,1-May-07,4175000,USD
Multiverse,17-Apr-07,850000,USD
LimeLife,28-Mar-06,10000000,USD
LimeLife,1-Aug-05,5000000,USD
LimeLife,24-May-07,3900000,USD
OpenTable,1-May-99,2000000,USD
OpenTable,1-Jan-00,10000000,USD
OpenTable,1-Oct-00,36000000,USD
RooftopComedy,1-May-07,2500000,USD
Federated Media,1-Aug-07,4500000,USD
Federated Media,1-Apr-08,50000000,USD
Delivery Agent,1-May-07,18500000,USD
Delivery Agent,17-May-06,11000000,USD
Delivery Agent,29-Mar-05,5500000,USD
Reunion,1-Apr-07,25000000,USD
Mixercast,1-May-05,2600000,USD
Mixercast,1-Jan-08,6000000,USD
mTraks,1-May-07,550000,USD
Xora,1-May-01,7000000,USD
Xora,1-Feb-03,4000000,USD
Xora,1-Jun-07,4000000,USD
Ooyala,1-Jan-08,8500000,USD
SayNow,1-Sep-07,7500000,USD
Crunchyroll,1-Feb-08,4050000,USD
CircleUp,1-Jun-07,3000000,USD
PixSense,1-Dec-06,5400000,USD
PixSense,1-Jun-07,2000000,USD
Danal,1-Jun-07,9500000,USD
hulu,1-Aug-07,100000000,USD
OurStory,1-Jan-06,6300000,USD
Specificmedia,1-Jun-06,10000000,USD
Specificmedia,1-Nov-07,100000000,USD
AdMob,1-Mar-07,15000000,USD
MySQL,1-Feb-06,18500000,USD
MySQL,1-Jun-03,19500000,USD
Attributor,28-Jan-06,2000000,USD
Attributor,2-Apr-08,12000000,USD
Attributor,18-Dec-06,8000000,USD
Social Media,1-Sep-07,500000,USD
Social Media,1-Oct-07,3500000,USD
Demand Media,1-May-06,120000000,USD
Demand Media,1-Sep-06,100000000,USD
Demand Media,1-Sep-07,100000000,USD
Demand Media,24-Mar-08,35000000,USD
TripIt,1-Apr-07,1000000,USD
PubMatic,1-Jan-08,7000000,USD
Mint,1-Oct-07,4700000,USD
Mint,1-Oct-06,325000,USD
Mint,5-Mar-08,12000000,USD
app2you,20-Nov-07,255000,USD
app2you,1-Oct-06,177000,USD
YourStreet,1-Oct-06,250000,USD
Tagworld,1-Mar-06,7500000,USD
Tagworld,1-Dec-06,40000000,USD
RotoHog,1-Aug-07,6000000,USD
ThisNext,1-Jan-08,5000000,USD
ThisNext,1-Jan-06,2500000,USD
ChessPark,1-Jul-07,1000000,USD
Break,1-Jul-07,21400000,USD
MuseStorm,1-Jul-07,1000000,USD
Media Machines,1-Aug-07,9400000,USD
Ciihui,1-May-07,10000000,USD
Ciihui,1-Jan-08,13500000,USD
Aliph,1-Jul-07,5000000,USD
mEgo,1-May-06,1100000,USD
mEgo,1-Jul-07,2000000,USD
Realius,1-May-07,500000,USD
Xobni,1-Jun-06,12000,USD
Xobni,1-Nov-06,80000,USD
Xobni,1-Mar-07,4260000,USD
Spoke,18-Nov-03,11700000,USD
Spoke,24-Apr-03,9200000,USD
FixYa,1-Jan-07,2000000,USD
FixYa,18-Mar-08,6000000,USD
Mozilla,15-Jul-03,2000000,USD
BrightQube,1-May-07,200000,USD
BuzzDash,1-Sep-06,1200000,USD
Urban Mapping,1-May-06,400000,USD
Consorte Media,1-Dec-07,7000000,USD
ffwd,1-Aug-07,1700000,USD
Get Satisfaction,1-Sep-07,1300000,USD
RingCentral,1-Sep-07,12000000,USD
RingCentral,1-Feb-08,12000000,USD
3Jam,1-Jul-07,4000000,USD
PlaySpan,1-Sep-07,6500000,USD
Grouply,1-Jun-07,935000,USD
Grouply,1-Jan-08,365000,USD
Grouply,14-Jan-08,1300000,USD
Graspr,10-Jul-08,2500000,USD
Zannel,2-Jun-08,10000000,USD
deca.tv,1-Sep-07,5000000,USD
Zimbra,1-Apr-06,14500000,USD
FriendFeed,26-Feb-08,5000000,USD
Rupture,1-Jul-07,3000000,USD
JibJab,1-Oct-07,3000000,USD
Rubicon Project,1-Oct-07,4000000,USD
Rubicon Project,1-Oct-07,2000000,USD
Rubicon Project,28-Jan-08,15000000,USD
SnapLayout,1-May-07,650000,USD
Confabb,1-Aug-07,200000,USD
UpTake,18-Dec-07,4000000,USD
23andMe,1-May-07,9000000,USD
YuMe,1-Oct-07,9000000,USD
Mochi Media,12-Mar-08,4000000,USD
Mochi Media,18-Jun-08,10000000,USD
Blurb,1-Oct-06,12000000,USD
WeatherBill,1-Oct-07,12600000,USD
Automattic,1-Jul-05,1100000,USD
Automattic,1-Jan-08,29500000,USD
Radar Networks,1-Apr-06,5000000,USD
Radar Networks,1-Feb-08,13000000,USD
Veodia,12-May-08,8300000,USD
EchoSign,1-Oct-07,6000000,USD
Rollbase,1-Aug-07,400000,USD
Predictify,25-Mar-08,4300000,USD
TrialPay,1-Feb-08,12700000,USD
Socializr,1-Sep-07,1500000,USD
Eurekster,1-Dec-04,1350000,USD
Eurekster,13-Mar-07,5500000,USD
Gydget,1-Aug-06,1000000,USD
PicksPal,1-Oct-07,3000000,USD
Gigya,1-Feb-07,3000000,USD
Gigya,9-Mar-08,9500000,USD
Songbird,1-Dec-06,8000000,USD
Guardian Analytics,1-Oct-07,4500000,USD
Fora.TV,1-Oct-07,4000000,USD
Disqus,18-Mar-08,500000,USD
SezWho,1-Oct-07,1000000,USD
YieldBuild,3-Mar-08,6000000,USD
Akimbo,1-Jun-06,15500000,USD
Akimbo,1-Jul-04,12000000,USD
Akimbo,1-Jun-03,4200000,USD
Akimbo,29-Feb-08,8000000,USD
Laszlo Systems,6-Mar-08,14600000,USD
Laszlo Systems,15-Apr-05,6250000,USD
BrightRoll,1-Oct-07,5000000,USD
MerchantCircle,1-Sep-07,10000000,USD
Minekey,1-Aug-07,3000000,USD
Booking Angel,1-Aug-07,100000,USD
Loopt,1-Jun-05,6000,USD
Loopt,23-Jul-07,8250000,USD
Fix8,1-Oct-07,3000000,USD
Fix8,3-Apr-08,2000000,USD
MyBuys,21-Feb-07,2800000,USD
MyBuys,8-Oct-07,10000000,USD
BlackArrow,1-Oct-07,12000000,USD
BlackArrow,1-Nov-06,14750000,USD
Peerflix,1-Oct-05,8000000,USD
Peerflix,1-Mar-05,2000000,USD
fatdoor,1-Nov-07,5500000,USD
fatdoor,1-Feb-07,1000000,USD
fatdoor,1-May-07,500000,USD
Verimatrix,1-Jun-06,8000000,USD
Verimatrix,1-Oct-07,5000000,USD
Billeo,1-Nov-07,7000000,USD
Billeo,1-Apr-06,4000000,USD
Caring.com,1-Sep-07,6000000,USD
Ask.com,1-Mar-99,25000000,USD
Project Playlist,1-Sep-07,3000000,USD
Blowtorch,1-Nov-07,50000000,USD
GameLayers,1-Oct-07,500000,USD
MoGreet,1-Aug-07,1200000,USD
MoGreet,20-Jun-08,2500000,USD
YourTrumanShow,1-Dec-06,1300000,USD
Apprema,1-Nov-07,800000,USD
TrustedID,1-Jan-07,5000000,USD
TrustedID,18-Oct-07,10000000,USD
Seeqpod,1-Apr-08,7000000,USD
Quantenna,1-Nov-07,12700000,USD
Qwaq,1-Nov-07,7000000,USD
uber,26-May-08,7600000,USD
CashView,1-Sep-07,6500000,USD
CrossLoop,1-Dec-07,3000000,USD
Dapper,1-Dec-07,3000000,USD
Anchor Intelligence,1-Jan-07,2000000,USD
Anchor Intelligence,1-Sep-07,4000000,USD
EdgeCast,1-Dec-07,6000000,USD
EdgeCast,1-Jun-07,4000000,USD
Kosmix,1-Dec-07,10000000,USD
GoodReads,1-Nov-07,750000,USD
Ribbit,1-Dec-07,10000000,USD
Ribbit,1-Oct-06,3000000,USD
Jobvite,1-Dec-07,7200000,USD
Juice Wireless,1-Apr-05,500000,USD
Juice Wireless,1-Jan-06,1500000,USD
Juice Wireless,1-Jul-06,4000000,USD
Juice Wireless,1-Mar-07,3300000,USD
Juice Wireless,1-Dec-07,6000000,USD
Qik,9-Apr-08,3000000,USD
PlayFirst,1-Dec-07,16500000,USD
PlayFirst,1-Jan-06,5000000,USD
Mobissimo,1-Apr-04,1000000,USD
Chumby,1-Dec-06,5000000,USD
Chumby,31-Mar-08,12500000,USD
UGOBE,1-Oct-06,8000000,USD
Ausra,1-Sep-07,40000000,USD
Causes,1-Jan-07,2350000,USD
Causes,1-Mar-08,5000000,USD
Nanosolar,1-May-05,20000000,USD
Nanosolar,1-Jun-06,75000000,USD
Shozu,1-May-05,12000000,USD
Shozu,29-Jan-08,12000000,USD
Tesla Motors,1-May-06,40000000,USD
Tesla Motors,1-May-07,45000000,USD
Tesla Motors,1-Apr-04,7500000,USD
Tesla Motors,1-Feb-05,13000000,USD
Tesla Motors,8-Feb-08,40000000,USD
Bunchball,1-Oct-06,2000000,USD
Bunchball,13-Apr-08,4000000,USD
Pinger,1-Dec-06,8000000,USD
Hooja,1-Dec-07,1250000,USD
TravelMuse,1-May-07,3000000,USD
Cooking.com,1-Jan-08,7000000,USD
Cooking.com,1-May-00,35000000,USD
Cooking.com,1-Apr-99,16000000,USD
Cooking.com,1-Oct-99,30000000,USD
Meraki,1-Feb-07,5000000,USD
Meraki,1-Jan-08,20000000,USD
SugarCRM,1-Jan-08,14500000,USD
SugarCRM,1-Oct-05,18770000,USD
SugarCRM,1-Aug-04,2000000,USD
SugarCRM,1-Feb-05,5750000,USD
Pudding Media,1-Jan-08,8000000,USD
4HomeMedia,1-Jan-07,2850000,USD
Pageonce,1-Jan-08,1500000,USD
bluepulse,1-Apr-07,6000000,USD
Mogad,1-Aug-07,500000,USD
DeviceVM,1-Aug-06,10000000,USD
DeviceVM,1-Oct-07,10000000,USD
Outspark,11-Apr-07,4000000,USD
Outspark,1-Jan-08,11000000,USD
Engine Yard,1-Jan-08,3500000,USD
Engine Yard,13-Jul-08,15000000,USD
PLYmedia,1-Oct-06,2500000,USD
PLYmedia,1-Jul-08,6000000,USD
fabrik,1-Sep-05,4100000,USD
fabrik,1-Jun-06,8000000,USD
fabrik,1-Feb-07,14300000,USD
fabrik,1-May-07,24900000,USD
Widgetbox,1-Jun-06,1500000,USD
Widgetbox,1-Jan-08,8000000,USD
Widgetbox,1-Jun-07,5000000,USD
RazorGator,1-Mar-05,26000000,USD
RazorGator,1-Mar-06,22800000,USD
OverSee,1-Jan-07,60000000,USD
OverSee,1-Jan-08,150000000,USD
Zynga,1-Jan-08,10000000,USD
Zynga,22-Jul-08,29000000,USD
Smaato,1-Jan-08,3500000,USD
Credit Karma,1-May-07,750000,USD
Greenplum,1-Jan-08,27000000,USD
Greenplum,1-Feb-07,15000000,USD
Greenplum,1-Mar-06,15000000,USD
Greenplum,1-Feb-07,4000000,USD
Amobee,1-Nov-06,5000000,USD
Amobee,1-Jan-07,15000000,USD
WebMynd,1-Jul-08,250000,USD
Current Media,29-Jul-05,15000000,USD
Heroku,1-Jan-08,20000,USD
Heroku,8-May-08,3000000,USD
Lookery,7-Feb-08,900000,USD
Mill River Labs,1-Jan-08,900000,USD
Grouptivity,1-May-06,2000000,USD
Aductions,5-Jul-07,100000,USD
VentureBeat,11-Feb-08,320000,USD
Collarity,1-Feb-08,7800000,USD
RocketOn,1-Feb-08,5800000,USD
What They Like,29-Aug-07,990000,USD
GumGum,1-Dec-07,225000,USD
GumGum,21-Jul-08,1000000,USD
Snap Technologies,1-Jul-05,10000000,USD
TwoFish,1-Jun-07,5000000,USD
Three Rings,3-Mar-08,3500000,USD
Smalltown,1-Nov-05,4000000,USD
Sparkplay Media,1-Feb-08,4250000,USD
MOG,1-Mar-07,1800000,USD
MOG,29-Apr-08,2800000,USD
Social Gaming Network,13-May-08,15000000,USD
Danger,1-Oct-01,36000000,USD
Danger,1-Feb-03,35000000,USD
Danger,1-Jul-04,37000000,USD
Coverity,1-Feb-08,22000000,USD
GenieTown,1-Oct-07,2000000,USD
Redux,1-Mar-07,1650000,USD
Redux,7-Apr-08,6500000,USD
Evernote,1-Mar-06,6000000,USD
Evernote,1-Sep-07,3000000,USD
Numobiq,8-Feb-08,4500000,USD
GoldSpot Media,23-Jan-08,3000000,USD
Mobixell,8-Jul-08,6000000,USD
Ad Infuse,23-Jan-08,12000000,USD
Ad Infuse,1-Jun-06,5000000,USD
SendMe,1-Dec-06,6000000,USD
SendMe,18-Mar-08,15000000,USD
Tiny Pictures,1-Aug-07,4000000,USD
Tiny Pictures,1-Feb-08,7200000,USD
flurry,8-Mar-07,3500000,USD
Sharpcast,8-Mar-06,13500000,USD
Sharpcast,8-Mar-06,3000000,USD
Teneros,1-Jul-04,7000000,USD
Teneros,1-Mar-05,17500000,USD
Teneros,1-Apr-06,20000000,USD
Teneros,1-Jan-08,40000000,USD
PhotoCrank,1-Apr-07,250000,USD
Yodlee,4-Jun-08,35000000,USD
SlideRocket,31-Dec-07,2000000,USD
Surf Canyon,31-Jul-07,250000,USD
Surf Canyon,8-May-08,600000,USD
Central Desktop,16-Apr-08,7000000,USD
OpenDNS,1-Jun-06,2000000,USD
Coveo,6-Mar-08,2500000,USD
Vizu,20-Feb-06,1000000,USD
Vizu,31-Jan-07,2900000,USD
Taltopia,8-Mar-08,800000,USD
Kapow Technologies,6-Mar-08,11600000,USD
Kapow Technologies,1-Feb-05,5100000,EUR
ProgrammerMeetDesigner.com,12-Dec-07,500000,USD
LiveOps,1-Apr-04,22000000,USD
LiveOps,13-Feb-07,28000000,USD
Clickpass,1-Jun-07,20000,USD
SearchMe,1-Jul-05,400000,USD
SearchMe,1-Jan-06,3600000,USD
SearchMe,1-Jun-07,12000000,USD
SearchMe,1-Oct-07,15000000,USD
SearchMe,1-May-08,12600000,USD
AccountNow,29-Jun-07,12750000,USD
DailyStrength,18-May-07,4000000,USD
PopularMedia,1-Mar-07,4250000,USD
PopularMedia,28-Jul-08,8000000,USD
Clarizen,1-May-08,9000000,USD
SellPoint,27-Feb-08,7000000,USD
LiveDeal,26-Oct-05,4900000,USD
NeoEdge Networks,8-Jun-07,3000000,USD
Zuora,13-Mar-08,6500000,USD
Jivox,10-Mar-08,2700000,USD
Jivox,16-Jun-08,10700000,USD
Elastra,15-Aug-07,2600000,USD
kwiry,20-Mar-07,1000000,USD
SupplyFrame,21-Jun-07,7000000,USD
InMage Systems,10-Jul-07,10000000,USD
Authenticlick,1-Feb-06,5000000,USD
Interneer,6-Jun-07,2000000,USD
Interneer,11-Mar-07,1200000,USD
Handipoints,2-May-07,250000,USD
Handipoints,2-May-08,550000,USD
Adconion Media Group,24-Feb-08,80000000,USD
Zend Technologies,28-Aug-06,20000000,USD
Zend Technologies,19-Jul-04,8000000,USD
SlideShare,7-May-08,3000000,USD
Intent,1-Feb-08,250000,USD
Wikimedia Foundation,25-Mar-08,3000000,USD
Clearwell Systems,22-Aug-07,17000000,USD
Become,25-Mar-08,17500000,USD
Become,17-Jul-08,8000000,USD
Bubble Motion,26-Mar-08,14000000,USD
Bubble Motion,11-Sep-06,10000000,USD
Perfect Market,9-Jul-08,15600000,USD
Glassdoor,27-Mar-08,3000000,USD
Support Space,24-Oct-06,4250000,USD
Xoopit,1-Dec-06,1500000,USD
Xoopit,2-Apr-08,5000000,USD
Reality Digital,1-Nov-05,2000000,USD
Reality Digital,31-Mar-08,6300000,USD
Cloud9 Analytics,25-Jul-07,5000000,USD
Netcipia,30-Aug-07,200000,USD
iControl,2-Apr-08,15500000,USD
iControl,26-Apr-06,5000000,USD
Frengo,1-Dec-06,2300000,USD
Frengo,3-May-07,5700000,USD
mBlox,23-Feb-06,25000000,USD
mBlox,9-Mar-05,7500000,USD
mBlox,9-Jul-04,10000000,USD
mBlox,28-Jan-08,22000000,USD
eSolar,17-Jan-08,10000000,USD
eSolar,21-Apr-08,130000000,USD
Marin Software,5-Oct-06,2000000,USD
Marin Software,9-Apr-08,7250000,USD
SiBEAM,1-Dec-04,1250000,USD
SiBEAM,1-May-05,15000000,USD
SiBEAM,1-Aug-06,21000000,USD
SiBEAM,7-Apr-08,40000000,USD
Lumos Labs,11-Jun-07,400000,USD
Lumos Labs,3-Jun-08,3000000,USD
iRise,1-Mar-08,20000000,USD
richrelevance,8-Apr-08,4200000,USD
Labmeeting,1-May-08,500000,USD
Shopflick,15-Mar-08,1000000,USD
Shopflick,1-Jul-08,7000000,USD
TurnHere,15-Feb-08,7500000,USD
TurnHere,1-Nov-06,1100000,USD
Coupa,13-Mar-07,1500000,USD
Coupa,9-Apr-08,6000000,USD
SquareTrade,1-Oct-99,400000,USD
SquareTrade,10-Apr-08,9000000,USD
V-Enable,28-Feb-06,6000000,USD
V-Enable,21-Sep-03,3750000,USD
Aeria,1-Oct-07,288000,USD
Heysan,24-Jan-07,20000,USD
Memeo,7-Jan-08,8100000,USD
imageshack,1-May-07,10000000,USD
PluggedIn,15-Apr-08,2000000,USD
CellSpin,1-Dec-06,1100000,USD
Remixation,1-Jul-07,1000000,USD
The Auteurs,1-Aug-07,750000,USD
Modern Feed,1-Apr-07,3000000,USD
GROU.PS,1-Jun-08,1100000,USD
Triggit,1-Mar-07,350000,USD
Triggit,1-Jul-07,500000,USD
Serious Business,25-Apr-08,4000000,USD
Presdo,1-Dec-07,35000,USD
Nile Guide,5-Jun-08,8000000,USD
Adify,1-Aug-06,8000000,USD
Adify,18-Apr-07,19000000,USD
Invensense,28-Apr-08,19000000,USD
Center'd,1-Feb-07,1000000,USD
Center'd,1-Oct-07,5500000,USD
Center'd,1-May-07,500000,USD
New Relic,1-Apr-08,3500000,USD
Gridstone Research,4-Apr-08,10000000,USD
FusionOps,1-Mar-05,4000000,USD
MarketLive,5-May-08,20000000,USD
SnapLogic,22-May-07,2500000,USD
Boardwalktech,1-Oct-06,500000,USD
Rosum,15-Apr-08,15000000,USD
CitizenHawk,12-May-08,3000000,USD
Dilithium Networks,23-Apr-03,10000000,USD
Dilithium Networks,14-Mar-05,18000000,USD
Dilithium Networks,3-Jul-07,33000000,USD
Passenger,5-Nov-07,8300000,USD
Passenger,14-Mar-08,12200000,USD
Experience Project,13-May-08,3000000,USD
Mozes,22-Feb-07,5000000,USD
Mozes,1-May-08,11500000,USD
rVita,1-Oct-07,1000000,USD
Mefeedia,19-Mar-08,250000,USD
Wavemaker Software,15-Apr-08,4500000,USD
VirtualLogix,11-Jul-07,16000000,USD
Fonemesh,1-Jun-08,100000,USD
Fonemesh,1-May-08,150000,USD
Cognition Technologies,15-Jul-08,2700000,USD
Sometrics,14-May-08,1000000,USD
SocialVibe,1-Dec-07,4200000,USD
deviantART,21-Jun-07,3500000,USD
MyThings,1-Apr-06,8000000,USD
mywaves,8-Dec-06,6000000,USD
litescape,6-Aug-07,14000000,USD
nextbio,6-Jun-07,7000000,USD
Parascale,23-Jun-08,11370000,USD
Row44,20-May-08,21000000,USD
JellyCloud,16-May-08,6600000,USD
Aster Data Systems,1-Nov-05,1000000,USD
Aster Data Systems,1-May-07,5000000,USD
Pixim,7-Mar-07,15000000,USD
Pixim,9-Jun-05,12000000,USD
Pixim,12-Jun-07,5100000,USD
Funambol,8-Aug-05,5000000,USD
Funambol,1-Dec-06,5500000,USD
Funambol,17-Jun-08,12500000,USD
Funambol,1-Jun-08,2000000,USD
Moblyng,21-May-08,5700000,USD
Moblyng,28-Mar-07,1530000,USD
Zecter,1-Jun-07,15000,USD
Votigo,31-Dec-07,1265000,USD
Zinio,12-Sep-05,7000000,USD
Dreamfactory,8-May-06,5800000,USD
GreenNote,1-Oct-07,4200000,USD
Skyfire,1-Jun-07,4800000,USD
Skyfire,28-May-08,13000000,USD
eduFire,9-Apr-08,400000,USD
B-hive Networks,25-Aug-06,7000000,USD
VMware,30-Jul-07,150000000,USD
Katalyst Media,28-Jan-08,10000000,USD
NeuroVigil,30-May-08,250000,USD
Sylantro,1-Apr-06,11000000,USD
Sylantro,1-Nov-03,4500000,USD
Sylantro,1-Oct-00,55000000,USD
TeleFlip,1-Jan-08,4900000,USD
Vidshadow,15-Feb-07,2000000,USD
Jigsaw,1-Dec-03,750000,USD
Jigsaw,1-Sep-04,5200000,USD
Jigsaw,1-Mar-06,12000000,USD
Ozmo Devices,30-Mar-06,12550000,USD
Cooliris,1-Jul-07,3000000,USD
Gamook,16-Mar-08,1500000,USD
Vindicia,31-Mar-08,5600000,USD
Dizzywood,7-Feb-08,1000000,USD
Limbo,25-Apr-07,8000000,USD
StartForce,1-Sep-07,1000000,USD
coolearth,20-Feb-08,21000000,USD
coolearth,1-Jun-07,1000000,USD
Yield Software,4-Jun-08,6000000,USD
Tapulous,1-Jul-08,1800000,USD
Codefast,15-Mar-05,6500000,USD
Hyperic,10-May-06,3800000,USD
iPling :)),1-Mar-08,300000,USD
Intacct,29-Apr-08,15000000,USD
Intacct,27-Jun-07,14000000,USD
Vivaty,1-Aug-07,9400000,USD
Aurora Biofuels,10-Jun-08,20000000,USD
eEye,1-Jun-04,15000000,USD
eEye,1-Dec-02,9000000,USD
AllBusiness.com,1-Jul-04,10000000,USD
AllBusiness.com,1-Feb-06,12400000,USD
InsideView,1-Jun-07,7400000,USD
Clickability,14-Jul-08,3500000,USD
Keibi Technologies,1-May-07,5000000,USD
RoboDynamics,1-Sep-03,100000,USD
RoboDynamics,1-May-06,500000,USD
ImageSpan,23-Jun-08,11000000,USD
Solarflare,18-Jun-08,26000000,USD
Clupedia,22-May-07,1300000,USD
Zigabid,1-Dec-06,500000,USD
Zigabid,1-Feb-08,500000,USD
InThrMa,1-Oct-07,10000,USD
Webaroo,22-Dec-06,10000000,USD
Webaroo,5-Jul-08,10000000,USD
Fluid Entertainment,12-Mar-08,3200000,USD
Unisfair,21-Jan-08,10000000,USD
ON24,11-Jul-08,8000000,USD
trueAnthem,28-Jul-08,2000000,USD
Colizer,1-Apr-04,120000,USD
Coremetrics,9-Mar-06,31000000,USD
Coremetrics,4-Apr-08,60000000,USD
Minted,18-Jul-08,2500000,USD
Appirio,13-Mar-08,1100000,USD
Appirio,21-Jul-08,10000000,USD
samfind,1-Jan-06,20000,USD
Eye-Fi,11-Jun-07,5500000,USD
ResponseLogix,23-Jan-08,8000000,USD
Qumu,21-Jul-08,10700000,USD
CarbonFlow,23-Jul-08,2900000,USD
Allvoices,31-Jul-07,4500000,USD
Moxsie,27-Jun-08,1000000,USD
Service-now.com,5-Jul-05,2500000,USD
Service-now.com,5-Dec-06,5000000,USD
Anvato,29-Jul-08,550000,USD
Vantage Media,28-Feb-07,70000000,USD
Entone Technologies,1-Aug-08,14500000,USD
Entone Technologies,2-May-03,9500000,USD
750 Industries,1-Aug-08,1000000,USD
Plastic Logic,20-Apr-02,13700000,USD
Plastic Logic,5-Jan-05,8000000,USD
Plastic Logic,30-Nov-05,24000000,USD
Plastic Logic,6-Jan-07,100000000,USD
Plastic Logic,4-Aug-08,50000000,USD
Paymo,1-Aug-08,5000000,USD
Brilliant Telecom,4-Aug-08,11000000,USD
SkyGrid,6-Aug-08,11000000,USD
Intense Debate,1-May-07,15000,USD
Associated Content,1-Jan-06,5400000,USD
Associated Content,1-Jul-07,10000000,USD
madKast,1-Mar-07,15000,USD
madKast,1-Oct-07,300000,USD
EventVue,1-Aug-07,15000,USD
EventVue,1-Sep-07,250000,USD
Socialthing!,18-May-07,15000,USD
Socialthing!,1-Oct-07,500000,USD
J Squared Media,1-Aug-07,15000,USD
Search to Phone,1-Aug-07,15000,USD
Filtrbox,1-Aug-07,15000,USD
Filtrbox,28-Feb-08,500000,USD
Brightkite,1-Aug-07,15000,USD
Brightkite,1-Mar-08,1000000,USD
NewsGator,23-Jun-04,1400000,USD
NewsGator,1-Dec-07,12000000,USD
NewsGator,1-Dec-04,8600000,USD
Me.dium,1-Jun-07,15000000,USD
Buzzwire,1-Dec-07,8000000,USD
HiveLive,1-Feb-08,2200000,USD
HiveLive,27-Feb-08,5600000,USD
XAware,1-Jan-08,7400000,USD
XAware,1-Nov-02,2100000,USD
Lijit,1-Jan-07,900000,USD
Lijit,1-Jun-07,3300000,USD
hubbuzz,1-Mar-07,750000,USD
Gnip,1-Mar-08,1100000,USD
Collective Intellect,1-Feb-06,2600000,USD
Collective Intellect,15-Apr-08,6600000,USD
Rally Software,4-Jun-08,16850000,USD
Rally Software,14-Jun-06,8000000,USD
Symplified,9-Jun-08,6000000,USD
Indeed,1-Aug-05,5000000,USD
Geezeo,24-Apr-08,1200000,USD
Entrecard,1-Jan-07,30000,USD
Entrecard,1-Nov-07,40000,USD
AmericanTowns.com,1-Jul-06,1100000,USD
AmericanTowns.com,1-Sep-07,3300000,USD
Kayak,1-May-06,11500000,USD
Kayak,1-Dec-04,7000000,USD
Kayak,1-Dec-07,196000000,USD
GoCrossCampus,1-Sep-07,375000,USD
Health Plan One,21-Apr-08,6500000,USD
Your Survival,1-Nov-07,350000,USD
Media Lantern,30-Mar-08,250000,USD
GridPoint,1-Sep-07,32000000,USD
GridPoint,1-May-06,16000000,USD
GridPoint,1-Sep-06,21000000,USD
GridPoint,28-Mar-08,15000000,USD
HotPads,1-Mar-07,2300000,USD
LaunchBox,1-Feb-08,250000,USD
Cogent,12-Feb-08,510000,USD
SwapDrive,1-May-00,2650000,USD
SwapDrive,1-May-01,2000000,USD
Searchles,1-Jul-08,2000000,USD
PayPerPost,1-Jun-07,7000000,USD
PayPerPost,1-Oct-06,3000000,USD
Affinity Internet,1-Oct-99,60000000,USD
Affinity Internet,1-Jan-02,25000000,USD
Multiply,1-Nov-05,2000000,USD
Multiply,1-Jul-06,3000000,USD
Multiply,1-Aug-07,16600000,USD
Revolution Money,1-Sep-07,50000000,USD
Batanga,1-Aug-07,30000000,USD
Batanga,1-Apr-06,5000000,USD
divorce360,1-Sep-07,2500000,USD
Infinity Box,1-Jan-06,18000,USD
Infinity Box,1-Apr-06,100000,USD
MOLI,1-Jan-08,29600000,USD
Global Roaming,1-Feb-07,7500000,USD
Global Roaming,1-Feb-08,23000000,USD
Slingpage,1-Dec-07,2250000,USD
WrapMail,6-Jan-07,1100000,USD
eJamming,2-Jun-08,150000,USD
Lehigh Technologies,23-Jun-08,34500000,USD
TournEase,1-Apr-06,3000000,USD
TournEase,1-Mar-08,500000,USD
Vitrue,1-Oct-07,10000000,USD
Vitrue,1-May-06,2200000,USD
Screaming Sports,1-Jul-07,1250000,USD
beRecruited,1-Nov-07,1200000,USD
MFG,1-Sep-05,14000000,USD
MFG,1-Jan-07,4000000,USD
MFG,1-Jan-08,26000000,USD
Scintella Solutions,30-Apr-08,10000,USD
ScribeStorm,24-Apr-06,225000,USD
Balihoo,1-Jul-07,1500000,USD
Balihoo,1-Jan-08,4000000,USD
Info,1-Nov-04,8400000,USD
FeedBurner,1-Jun-04,1000000,USD
FeedBurner,1-Apr-05,7000000,USD
Viewpoints,1-Jun-07,5000000,USD
GrubHub,1-Nov-07,1100000,USD
TicketsNow,1-Jan-07,34000000,USD
The Point,1-Nov-07,2500000,USD
The Point,1-Feb-08,4800000,USD
Inkling,1-Jan-07,20000,USD
crowdSPRING,23-May-08,3000000,USD
Ifbyphone,1-Jul-07,1500000,USD
Fave Media,17-Jan-08,1600000,USD
Accertify,3-Jun-08,4000000,USD
Firefly Energy,14-Oct-04,4000000,USD
Firefly Energy,10-Jun-08,15000000,USD
Firefly Energy,13-Nov-06,10000000,USD
SAVO,1-Sep-05,10000000,USD
ChaCha,1-Jan-07,6000000,USD
ChaCha,1-Nov-07,10000000,USD
Better World Books,7-Apr-08,4500000,USD
Compendium Blogware,1-May-07,1100000,USD
Compendium Blogware,1-May-08,1600000,USD
Instagarage,10-May-07,25000,USD
iSkoot,27-Feb-07,7000000,USD
iSkoot,29-Nov-06,6200000,USD
Gotuit Media,1-Dec-04,10000000,USD
Gotuit Media,1-Dec-02,6000000,USD
Carbonite,1-Mar-06,2500000,USD
Carbonite,1-Dec-06,3500000,USD
Carbonite,1-May-07,15000000,USD
Carbonite,28-Dec-07,5000000,USD
ScanScout,1-Mar-07,7000000,USD
ScanScout,1-Apr-07,2000000,USD
Going,1-Jul-07,5000000,USD
Brightcove,1-Mar-05,5500000,USD
Brightcove,1-Nov-05,16200000,USD
Brightcove,1-Jan-07,59500000,USD
Brightcove,1-Sep-06,5000000,USD
Brightcove,1-May-08,4900000,USD
PermissionTV,1-Jun-07,9000000,USD
Bountii,1-Jun-07,15000,USD
Conduit Labs,1-Aug-07,5500000,USD
ZoomInfo,1-Jul-04,7000000,USD
ZoomInfo,1-Jul-04,7000000,USD
Vlingo,2-Apr-08,20000000,USD
Vtap,1-May-07,14000000,USD
MocoSpace,1-Jan-07,3000000,USD
Quattro Wireless,1-May-07,6000000,USD
Quattro Wireless,5-Sep-07,12300000,USD
Care.com,1-May-07,3100000,USD
OnForce,1-Sep-07,6750000,USD
OnForce,12-Jan-06,15000000,USD
RatePoint,1-Jun-07,6500000,USD
UpDown,29-Jan-08,750000,USD
Eons,1-Mar-07,22000000,USD
Eons,1-Apr-06,10000000,USD
GamerDNA,18-Apr-08,3000000,USD
Mix & Meet,29-Mar-08,400000,USD
Sermo,1-Sep-07,25000000,USD
Sermo,1-Jan-07,9500000,USD
Sermo,1-Sep-06,3000000,USD
WorkLight,1-Sep-06,5100000,USD
WorkLight,30-Apr-08,12000000,USD
MatchMine,1-Sep-07,10000000,USD
CondoDomain,1-Jun-05,300000,USD
uTest,1-Oct-07,2300000,USD
Compete,1-Aug-07,10000000,USD
Compete,6-Oct-03,13000000,USD
Azuki Systems,1-Sep-07,6000000,USD
Acinion,1-Dec-06,5000000,USD
Acinion,1-Oct-07,16000000,USD
xkoto,1-Nov-07,7500000,USD
HubSpot,1-Sep-07,5000000,USD
HubSpot,16-May-08,12000000,USD
HubSpot,1-May-06,500000,USD
Utterz,1-Sep-07,4000000,USD
Intronis,1-Oct-07,5000000,USD
Acquia,1-Dec-07,7000000,USD
A123Systems,1-Oct-07,30000000,USD
A123Systems,1-Jan-07,40000000,USD
A123Systems,1-Feb-06,30000000,USD
Boston Power,1-Nov-06,8000000,USD
Boston Power,1-Jan-08,45000000,USD
Boston Power,1-Jan-07,15600000,USD
Visible Measures,1-Mar-07,5000000,USD
Visible Measures,1-Jan-08,13500000,USD
Visible Measures,1-Jan-06,800000,USD
Endeca,1-Jun-04,15000000,USD
Endeca,1-Jan-08,15000000,USD
Endeca,1-Nov-01,15000000,USD
Endeca,1-Jan-01,10000000,USD
ChoiceStream,1-Jan-00,15000000,USD
ChoiceStream,22-Feb-05,7000000,USD
ChoiceStream,1-Jun-06,13100000,USD
ChoiceStream,4-Apr-07,26500000,USD
YouCastr,1-Feb-08,100000,USD
JackPot Rewards,1-Feb-08,16700000,USD
Mzinga,3-Mar-08,32500000,USD
Dimdim,1-Feb-07,2400000,USD
Dimdim,1-Jul-08,6000000,USD
utoopia,1-Mar-07,100000,USD
Retail Convergence,24-Apr-08,25000000,USD
Frame Media,9-Nov-07,2000000,USD
Frame Media,2-May-08,3000000,USD
Turbine,29-Apr-08,40000000,USD
Turbine,9-May-05,30000000,USD
Zeer,1-Aug-07,1050000,USD
SimpleTuition,14-Apr-06,4400000,USD
SimpleTuition,18-Dec-06,7500000,USD
Sirtris Pharmaceuticals,1-Dec-04,13000000,USD
Sirtris Pharmaceuticals,8-Mar-05,27000000,USD
Sirtris Pharmaceuticals,19-Apr-06,37000000,USD
Good Data,23-Jul-08,2000000,USD
Navic Networks,14-Feb-00,2000000,USD
Navic Networks,26-Feb-01,20000000,USD
Navic Networks,7-Jun-00,20000000,USD
Pivot,1-Dec-04,5000000,USD
Pivot,1-Apr-06,8000000,USD
Optaros,1-Jun-08,12000000,USD
Optaros,20-Nov-06,13000000,USD
Optaros,9-Mar-05,7000000,USD
Astaro,1-May-03,6200000,USD
Astaro,1-May-04,6700000,USD
Pangea Media,1-Apr-07,1000000,USD
Posterous,1-May-08,15000,USD
Spire,8-Jul-08,9000000,USD
neoSaej,14-Jul-08,7000000,USD
GenArts,17-Jul-08,22400000,USD
OrderMotion,21-Jul-08,1400000,USD
HAM-IT,1-Oct-07,340000,USD
Freewebs,1-Aug-06,12000000,USD
MPTrax,1-Jan-07,350000,USD
JackBe,1-Oct-07,9500000,USD
ZeniMax,1-Oct-07,300000000,USD
ZeniMax,30-May-08,9900000,USD
Intelliworks,14-Feb-05,6000000,USD
Intelliworks,10-Oct-06,10000000,USD
Intelliworks,7-Apr-08,4000000,USD
HEXIO,10-Jan-08,20000,USD
Foneshow,1-Sep-07,1050000,USD
Foneshow,1-Sep-06,25000,USD
Zattoo,1-Nov-07,10000000,USD
LoudClick,31-Mar-08,600000,USD
Agilis Systems,16-May-08,5000000,USD
International Liars Poker Association,1-Nov-07,1250000,USD
ChannelAdvisor,1-May-07,30000000,USD
ChannelAdvisor,22-Jan-04,7000000,USD
ChannelAdvisor,28-Apr-05,18000000,USD
Yap,1-Mar-07,1500000,USD
Yap,10-Jun-08,6500000,USD
PrepChamps,22-Apr-08,1200000,USD
SilkRoad technology,19-Feb-08,10000000,USD
SilkRoad technology,15-May-08,54000000,USD
BrightDoor Systems,13-Apr-07,200000,USD
DriftToIt,1-Jun-07,300000,USD
rPath,24-Jan-06,6400000,USD
rPath,24-Jan-07,9100000,USD
rPath,24-Jun-08,10000000,USD
Ntractive,8-Jul-08,570000,USD
Bill Me Later,1-Mar-06,27400000,USD
AdaptiveBlue,15-Feb-07,1500000,USD
Phanfare,1-Nov-07,2500000,USD
Phanfare,1-Jul-06,2000000,USD
EnterpriseDB,7-Sep-05,7000000,USD
EnterpriseDB,1-Aug-06,20000000,USD
EnterpriseDB,25-Mar-08,10000000,USD
Neocleus,19-Jun-08,11000000,USD
Datapipe,8-Jul-08,75000000,USD
Switch2Health,16-Jul-08,200000,USD
Voltaix,29-Jul-08,12500000,USD
SpaBoom,15-Jul-06,700000,USD
SpaBoom,15-Sep-07,600000,USD
Novint,17-Jun-08,5200000,USD
MeetMoi,1-Jun-07,1500000,USD
Meetup,1-Dec-02,2800000,USD
Meetup,1-Nov-03,5300000,USD
Meetup,23-Jul-08,7500000,USD
Mogulus,1-May-07,1200000,USD
Mogulus,1-Jan-08,1500000,USD
Mogulus,1-Jul-08,10000000,USD
Pando,1-Jan-07,11000000,USD
Pando,1-Mar-08,20900000,USD
Outside.in,1-Feb-07,900000,USD
Outside.in,1-Oct-07,1500000,USD
Outside.in,19-May-08,3000000,USD
SelectMinds,1-Aug-07,5500000,USD
Veotag,1-May-07,750000,USD
KIT digital,8-May-08,15000000,USD
KIT digital,18-Apr-08,5000000,USD
ContextWeb,1-Jun-04,3000000,USD
ContextWeb,1-Jun-05,9000000,USD
ContextWeb,20-Jul-08,26000000,USD
Datran Media,1-Mar-05,60000000,USD
Eyeblaster,1-Dec-03,8000000,USD
Eyeblaster,21-Mar-07,30000000,USD
Covestor,1-Jun-07,1000000,USD
Covestor,7-Apr-08,6500000,USD
Global Grind,1-Aug-07,4500000,USD
Heavy.com,1-Mar-01,3000000,USD
SpiralFrog,1-Dec-07,2000000,USD
Broadband Enterprises,1-Jan-08,10000000,USD
Thumbplay,13-Mar-08,18000000,USD
Waterfront Media,1-Sep-07,25000000,USD
Waterfront Media,1-Mar-04,4000000,USD
Waterfront Media,1-Mar-06,6000000,USD
Waterfront Media,1-Apr-07,8000000,USD
Tutor,1-May-07,13500000,USD
Daylife,1-Jun-07,8300000,USD
Teach The People,1-Jan-07,300000,USD
OrganizedWisdom,1-Jun-08,2300000,USD
Snooth,1-Dec-06,300000,USD
Snooth,1-Nov-07,1000000,USD
5min,1-Apr-07,300000,USD
5min,1-Nov-07,5000000,USD
Kaltura,1-May-07,2100000,USD
Mimeo,1-Sep-07,25000000,USD
RayV,1-Oct-07,8000000,USD
Tumblr,31-Oct-07,750000,USD
Payoneer,24-Jul-08,8000000,USD
eXelate,1-Oct-07,4000000,USD
Quigo,1-Mar-04,5000000,USD
Peer39,1-Feb-07,3000000,USD
Peer39,1-Sep-07,8200000,USD
Peer39,1-Mar-06,500000,USD
Rebel Monkey,5-Feb-08,1000000,USD
Answers Corporation,1-Jan-99,300000,USD
Answers Corporation,1-Apr-99,1360000,USD
Answers Corporation,1-Sep-99,2750000,USD
Answers Corporation,1-May-00,28000000,USD
Answers Corporation,17-Jun-08,13000000,USD
SeeToo,1-Oct-07,1000000,USD
drop.io,1-Nov-07,1250000,USD
drop.io,10-Mar-08,2700000,USD
Motionbox,1-Sep-06,4200000,USD
Motionbox,1-Dec-07,7000000,USD
DGP Labs,1-Nov-07,4750000,USD
Ideeli,1-Dec-07,3800000,USD
Live Gamer,1-Dec-07,24000000,USD
WeShow,1-Jun-07,5000000,USD
Etsy,1-Jun-06,315000,USD
Etsy,1-Nov-06,1000000,USD
Etsy,1-Jul-07,3250000,USD
Etsy,1-Jan-08,27000000,USD
PhoneTag,1-Feb-07,3500000,USD
PhoneTag,1-Jan-04,200000,USD
PhoneTag,1-Dec-07,2000000,USD
Tremor Media,1-Sep-06,8400000,USD
Tremor Media,1-Jan-08,11000000,USD
YooNew,1-Aug-05,2000000,USD
Fifth Generation Systems,1-Jan-08,5300000,USD
Fifth Generation Systems,1-Nov-06,5250000,USD
IGA Worldwide,1-Feb-06,12000000,USD
IGA Worldwide,1-Jul-07,25000000,USD
IGA Worldwide,1-Jan-08,5000000,USD
TheLadders,8-Nov-04,7250000,USD
Adotube,31-Jul-07,630000,USD
Adotube,1-Apr-08,600000,USD
Kluster,1-Jan-08,1000000,USD
Blog Talk Radio,25-Jun-08,4600000,USD
Pingg,1-Jan-07,500000,USD
Pingg,1-Mar-07,800000,USD
Outbrain,1-Jan-07,1000000,USD
Outbrain,25-Feb-08,5000000,USD
Mochila,2-Jan-07,8000000,USD
OLX,1-Sep-07,10000000,USD
OLX,11-Apr-08,13500000,USD
Boonty,7-Jul-05,10000000,USD
Tripology,1-Jan-07,1250000,USD
The Feedroom,9-Jul-08,12000000,USD
Next New Networks,1-Jan-07,8000000,USD
Next New Networks,12-Mar-08,15000000,USD
RiverWired,1-Mar-08,1500000,USD
Fynanz,1-Oct-07,500000,USD
Digital Railroad,14-Jun-05,5200000,USD
Digital Railroad,5-Feb-07,10000000,USD
Silicon Alley Insider,16-Jul-08,900000,USD
Undertone Networks,31-Mar-08,40000000,USD
Someecards,1-Apr-08,350000,USD
Trunkt,15-May-07,350000,USD
Cutcaster,1-Jan-08,150000,USD
Visible World,14-Apr-08,25000000,USD
Visible World,17-Nov-03,8000000,USD
Mad Mimi,29-Apr-07,200000,USD
Social Median,7-Mar-08,500000,USD
Scanbuy,12-Dec-06,9000000,USD
Scanbuy,1-Nov-07,6800000,USD
Pontiflex,30-Apr-08,2500000,USD
CHIC.TV,1-Jan-06,500000,USD
ExpertFlyer,1-Mar-04,30000,USD
x+1,1-Jun-08,16000000,USD
Media6¡,1-May-08,2000000,USD
Knewton,21-May-08,2500000,USD
Sense Networks,1-Apr-08,3000000,USD
TargetSpot,11-Mar-08,8600000,USD
BountyJobs,7-Jul-08,12000000,USD
vbs tv,1-Dec-06,10000000,USD
Instinctiv,1-Jun-08,750000,USD
VISUALPLANT,1-Mar-07,500000,USD
XunLight,7-May-08,22000000,USD
Strands,1-Mar-06,6000000,USD
Strands,18-Jun-07,25000000,USD
Strands,1-Dec-07,24000000,USD
Jive Software,1-Aug-07,15000000,USD
Platial,1-Oct-05,800000,USD
Platial,1-Feb-07,2600000,USD
GarageGames,1-Sep-07,50000000,USD
iovation,27-Mar-08,15000000,USD
InGrid,1-Jul-07,13500000,USD
InGrid,1-Sep-04,6600000,USD
InGrid,1-Jun-06,8100000,USD
InGrid,1-Jun-06,1500000,USD
Sleep.FM,30-Mar-08,15000,USD
Boomi,1-Jul-08,4000000,USD
Styky,1-Jan-07,100000,USD
TotalTakeout,1-Oct-07,150000,USD
RedLasso,1-Nov-07,6500000,CAD
QponDirect,1-Mar-08,300000,USD
EnergyWeb Solutions,15-Jun-06,100000,USD
Aria Systems,7-Nov-07,4000000,USD
Viv’simo,17-Mar-08,4000000,USD
Viv’simo,12-Jul-03,960000,USD
Viv’simo,4-Jul-02,500000,USD
Viv’simo,1-Jun-00,100000,USD
Viv’simo,29-Jan-01,100000,USD
ShowClix,1-Oct-07,150000,USD
ShowClix,1-Jun-08,250000,USD
BioWizard,3-Jan-08,1000000,USD
TicketLeap,22-Jul-08,2000000,USD
Tizra,1-May-07,500000,USD
Quickoffice,5-Feb-07,7000000,USD
Quickoffice,1-Jan-06,11500000,USD
Quickoffice,23-May-08,3000000,USD
Thoof,1-Jun-07,1000000,USD
Bazaarvoice,1-May-06,4000000,USD
Bazaarvoice,1-Sep-07,8800000,USD
Bazaarvoice,18-Jun-08,7100000,USD
Small World Labs,19-Mar-08,1000000,USD
Pluck,6-Oct-04,8500000,USD
Pluck,14-Nov-06,7000000,USD
Spiceworks,1-Aug-07,8000000,USD
SpendView,1-Jan-08,2000000,USD
Shangby,1-Jun-07,1000000,USD
On Networks,1-Nov-06,4000000,USD
On Networks,1-Nov-07,12000000,USD
CareFlash,1-Aug-07,600000,USD
HelioVolt,1-Aug-07,77000000,USD
Challenge Games,10-Jul-08,4500000,USD
Woot,1-Jan-08,4000000,USD
Mumboe,1-Oct-06,4500000,USD
BreakingPoint Systems,12-Nov-07,15000000,USD
FameCast,1-Jun-07,4500000,USD
Click Forensics,1-Jan-07,5000000,USD
Click Forensics,1-Mar-08,10000000,USD
GodTube,4-May-08,30000000,USD
iBiz Software,20-May-08,250000,USD
Cosential,1-Jun-02,250000,USD
JAD Tech Consulting,23-Sep-93,125000,USD
Mozy,1-May-05,1900000,USD
Mozy,1-May-05,1900000,USD
Ancestry.com,1-Sep-99,33200000,USD
Move Networks,1-Dec-06,11300000,USD
Move Networks,1-Oct-07,34000000,USD
Move Networks,14-Apr-08,46000000,USD
World Vital Records,1-Sep-07,1200000,USD
Bungee Labs,14-Mar-08,8000000,USD
Footnote,1-Jan-08,8000000,USD
mediaFORGE,1-Jul-06,1500000,USD
TeamStreamz,10-Jan-07,80000,USD
Exinda,22-May-04,6000000,USD
Clearspring,1-May-06,2500000,USD
Clearspring,1-Feb-07,5500000,USD
Clearspring,20-May-08,18000000,USD
Clearspring,27-Jul-07,10000000,USD
Avail Media,1-May-07,17000000,USD
Avail Media,1-Nov-07,25000000,USD
FortiusOne,1-May-07,5450000,USD
Mixx,1-Sep-07,1500000,USD
Mixx,1-Feb-08,2000000,USD
Jobfox,1-Jan-08,20000000,USD
Jobfox,1-May-06,13000000,USD
Jobfox,1-Apr-05,7000000,USD
HealthCentral,1-Jan-08,50000000,USD
comScore,6-Jun-02,20000000,USD
comScore,13-Aug-01,15000000,USD
VisualCV,28-Jan-08,2000000,USD
Paxfire,22-May-05,2100000,USD
ShoutWire,1-Jan-07,500000,USD
Parature,5-Jul-06,13500000,USD
Parature,7-May-08,16000000,USD
Loladex,1-Nov-07,350000,USD
Appian,21-Jul-08,10000000,USD
Fortisphere,19-Nov-07,10000000,USD
Wetpaint,1-Oct-05,5250000,USD
Wetpaint,1-Jan-07,9500000,USD
Wetpaint,1-May-05,25000000,USD
Jobster,1-Aug-05,19500000,USD
Jobster,1-Jul-06,18000000,USD
Jobster,1-Jan-05,8000000,USD
Jobster,25-Apr-08,7000000,USD
Yapta,1-Jul-07,2300000,USD
Yapta,1-Jul-07,700000,USD
Farecast,1-Oct-04,1500000,USD
Farecast,1-Jul-05,7000000,USD
Farecast,1-Jan-07,12100000,USD
Haute Secure,1-Jan-07,500000,USD
Newsvine,1-Jul-05,1250000,USD
iLike,1-Jan-06,2500000,USD
iLike,1-Jan-06,13300000,USD
Redfin,1-Jul-07,12000000,USD
Redfin,1-May-06,8000000,USD
Redfin,1-Sep-05,770000,USD
Action Engine,1-May-00,7700000,USD
Action Engine,1-May-02,5000000,USD
Action Engine,1-Jan-05,10000000,USD
Action Engine,1-Mar-03,15500000,USD
Action Engine,1-Jul-07,20000000,USD
Wishpot,29-Apr-08,1000000,USD
PayScale,1-Oct-04,3200000,USD
PayScale,1-Oct-05,7000000,USD
PayScale,1-Jul-07,10300000,USD
BuddyTV,1-Jul-07,2800000,USD
BuddyTV,1-May-07,250000,USD
BuddyTV,14-Apr-08,6000000,USD
Judys Book,1-Jul-04,2500000,USD
Judys Book,1-Nov-05,8000000,USD
Sampa,1-Aug-07,310000,USD
Sampa,2-Apr-08,1000000,USD
Zango,1-Mar-04,40000000,USD
Cdigix,1-Nov-05,4000000,USD
Ripl,1-Aug-07,4500000,USD
EyeJot,1-May-07,750000,USD
EyeJot,1-Jan-07,400000,USD
FlowPlay,1-May-07,500000,USD
FlowPlay,6-Feb-08,3700000,USD
SmartSheet,1-Jun-07,2690000,USD
Visible Technologies,1-Aug-06,3500000,USD
Visible Technologies,1-Sep-07,12000000,USD
Zillow,1-Oct-05,32000000,USD
Zillow,1-Jul-06,25000000,USD
Zillow,1-Sep-07,30000000,USD
SEOMoz,1-Sep-07,1250000,USD
DocuSign,1-Apr-06,10000000,USD
DocuSign,1-Sep-07,12400000,USD
AdReady,1-Dec-07,10000000,USD
Treemo,1-Oct-07,2550000,USD
GridNetworks,1-Oct-07,9500000,USD
Pelago,1-Nov-06,7400000,USD
Pelago,27-May-08,15000000,USD
Blist,20-Feb-08,6500000,USD
RealSelf,1-Oct-07,1000000,USD
RescueTime,14-Oct-07,20000,USD
Zoji,1-Oct-07,1500000,USD
Snapvine,1-Jul-06,2000000,USD
Snapvine,1-Sep-07,10000000,USD
Jott,1-May-07,5400000,USD
Earth Class Mail,1-Sep-07,7400000,USD
Earth Class Mail,1-Jan-08,5900000,USD
Smilebox,1-Feb-06,5000000,USD
Smilebox,1-Dec-07,7000000,USD
Fyreball,1-Dec-07,1000000,USD
Delve Networks,1-Dec-06,1650000,USD
Delve Networks,1-Aug-07,8000000,USD
LiveMocha,1-Jan-08,6000000,USD
Mercent Corporation,1-Jan-08,6500000,USD
CleverSet,1-Aug-06,1400000,USD
CleverSet,1-Sep-05,1200000,USD
CleverSet,1-Dec-07,500000,USD
LiquidPlanner,1-Jan-08,1200000,USD
Limeade,1-Jan-07,1000000,USD
Yodio,1-Feb-08,850000,USD
Tastemakers,1-Feb-07,1000000,USD
WhitePages.com,1-Aug-05,45000000,USD
RevenueScience,19-Dec-05,24000000,USD
GotVoice,25-Oct-06,3000000,USD
CarDomain Network,29-Jun-07,3000000,USD
mpire,1-Feb-07,9800000,USD
mpire,11-Jun-08,10000000,USD
TeachStreet,1-Mar-08,2250000,USD
Estately,24-Apr-08,450000,USD
Infinia,22-Apr-08,57000000,USD
Infinia,1-Jun-07,9500000,USD
M:Metrics,16-Oct-05,7000000,USD
Cozi,11-Jul-07,3000000,USD
Cozi,1-Jun-08,8000000,USD
Trusera,1-Jun-07,2000000,USD
Alerts.com,8-Jul-08,1200000,USD
Myrio,1-Jan-01,20500000,USD
Grid Networks,30-Oct-07,9500000,USD
Grid Networks,20-May-08,10500000,USD