first_name,last_name,email,city
Lula,Gutierrez,dupil@uselaba.ro,Jedohkeb
Lilly,Aguilar,cad@rew.gb,Hitibni
Nelle,Frank,wophekne@nav.tp,Mihinva
Nora,Woods,kegbobwoh@si.pn,Rehtewit
Martin,Houston,oco@apogozoh.nf,Fobaki
Brent,Patterson,pelgol@fam.uk,Luutiru
Herman,Boyd,he@zahhuf.sx,Lekurom
Bradley,Castillo,lu@mictu.bb,Liprenvoh
Birdie,Walker,lun@rawovid.bz,Pubgilbab
Ethan,Chambers,uwe@zafa.bf,Hanivoge
Blake,Allen,sal@gu.ly,Ulvucne
Carolyn,Fuller,pid@ozpema.gov,Piopisej
Ronnie,Brown,ezro@jekdec.eh,Gocesgi
Duane,Adkins,luflac@rar.jo,Okuogomi
Elizabeth,Bridges,uk@ene.mo,Guntail
Philip,Castillo,zegreze@na.uz,Ifusabfi
Ethel,Holt,zavatid@zomewtaf.mt,Forihkiz
Josie,Burgess,ac@neghas.gb,Sarowu
James,Estrada,zeran@cud.it,Maotuhon
Mario,Fox,ci@foji.mp,Gaojuhe
Darrell,Pratt,atimuf@cucconi.eg,Bugiune
Jared,Haynes,dev@ajadlab.fr,Fefukfit
Louis,Santiago,ve@vagvavwa.td,Kaginloj
Aaron,Daniel,zic@ovowo.mr,Rackiko
Alice,Rios,hesonjof@sum.na,Nipbapha
Lucy,Goodman,ko@ida.ma,Bojibib
Jeff,Cooper,hebej@jiwdifuh.sj,Puroksit
Hannah,Lowe,zomad@vercizden.lk,Manavuc
Erik,Ferguson,kizubab@ula.no,Cictibel
Marguerite,Flowers,ifowel@jupe.it,Raeroah
Wesley,Kim,zaf@vejdel.us,Vutedah
Amelia,Brady,tisoj@tiesoza.tz,Hucgidup
Sam,Kelly,geb@or.ss,Lislidij
Gabriel,Hansen,fi@uzaza.lt,Uvbikdub
Katie,Rivera,kelji@unoan.mx,Zimtefij
Lola,Campbell,adbojej@zaag.ro,Rowusa
Gary,Cooper,hif@jocdo.cx,Poozigig
Eunice,Vaughn,tollobi@gopvefu.us,Uvinezu
Billy,Ingram,zuf@uhoeni.az,Haihuuv
Addie,Jenkins,ronrof@nerge.io,Zuvijkec
Betty,Maxwell,opaji@ugelior.cz,Itozevwi
Corey,Parsons,kiomoli@coib.wf,Dobmapu
Eddie,Anderson,citecrak@kirak.hk,Hojhaskoc
Lois,Graves,sosmizamu@fofowe.cu,Siigera
Callie,Holland,zobepa@tilambe.dk,Sudonu
Jesse,Meyer,zu@juilwi.ke,Lehcicaza
Jeremy,Rogers,niz@leevo.pg,Lebotito
Charlie,Sharp,zif@noku.tl,Emotiwu
Rosa,Leonard,sav@kieba.dm,Hevahbu
Owen,Francis,ibo@faavo.ec,Jewihifa
Jared,Diaz,likib@juumohi.ug,Pavuglad
Lettie,Brown,jalbeces@va.nr,Suvawe
Ruth,Erickson,ger@hesod.pa,Ramijda
Todd,Jennings,ep@gata.cn,Mopvaghi
Rosa,Hopkins,jawkig@ewwuw.gy,Regezlu
Tillie,Lamb,peru@kes.mr,Zepgivel
Luis,Roberts,to@uc.edu,Ibzema
Gavin,Fuller,zuwem@voftos.et,Pahvuga
Lester,Adams,vani@veletjan.mh,Icirugsup
Jose,Pittman,ne@zacow.org,Bigtibiv
Rachel,Edwards,uvi@ofaviabu.pn,Leimesu
Jim,Perez,ozaneaci@onehec.mg,Popisibi
Lois,Peterson,igo@zo.ps,Faukobem
Corey,Soto,vuwcoses@izcez.es,Kuzdiju
Wayne,Carpenter,upjavu@juzca.mx,Jajfune
Iva,Figueroa,tozcaz@nekaju.fj,Vuehga
Howard,Robinson,vimnohig@ofutobi.bs,Ciputew
Luis,Watson,vituzgew@akhik.ni,Dicivic
Brandon,Kelley,curbotzu@rilemuj.cg,Uteiboje
Effie,Bush,vek@osa.au,Kanegu
Harvey,Crawford,fa@iculivub.nc,Ulnitefe
Roy,Simpson,kof@ga.my,Bizsuto
Leo,Larson,wevibpi@temibuk.rs,Uptucte
Justin,Castro,tivaf@jegbuun.in,Pagigmus
Iva,Watkins,ko@aratce.jp,Lujvofjag
Manuel,Bishop,nogir@fidkul.org,Fozrawduw
Josie,Munoz,wogotgu@hik.ki,Ganalim
Cornelia,Mack,tauli@juvuzedo.ml,Bigizo
Brandon,Sanchez,pi@har.ki,Vowruhod
Eliza,Campbell,lam@nuj.ar,Sukakolah
Ella,Steele,oznutfic@nueto.ki,Badogvop
Olive,Keller,cu@udo.nu,Niscuowa
Ida,Beck,at@icikamkaf.cl,Amimipot
Derrick,McDonald,nejel@ebevo.ml,Hepjeera
Louisa,Barber,han@onobode.ba,Apwero
Darrell,Ramsey,ev@fov.gd,Mifemcis
Myra,White,amhu@mol.sn,Gosuvvo
Leon,Adkins,cimcuziv@gowofwoj.ms,Ruwopmo
Ian,Jennings,kuvedan@fandi.ge,Pufono
Charlotte,Osborne,gi@kuef.ph,Viisabo
Clifford,Christensen,jevafli@wifohze.ca,Hizuna
Francisco,Thompson,ijre@anu.tn,Ruuforad
Sally,Welch,nid@buvov.tl,Uhumoska
Dale,Guzman,subvitku@evsi.tc,Samhemvar
Belle,Ball,cewni@za.tl,Jecmezig
Hester,Steele,zo@za.ps,Jubuwuuf
Philip,Burton,op@kemeli.ca,Viradiopa
Leonard,Bowers,sis@ca.lb,Mugilode
Ronnie,Carroll,avsunki@vel.lk,Ujunohef
Ryan,Holt,na@bih.am,Nonlovuc
Nelle,Powers,ca@cawo.gi,Vusisika
Connor,Fuller,uv@puc.io,Siedno
Gary,Allen,sezuwrat@dizfid.si,Nipzean
Bertie,Griffith,notku@soz.no,Alsiti
Ray,Flowers,no@borohdo.org,Egkawag
Lura,French,aciseg@abfatej.bg,Cobara
Linnie,Hines,gosap@veimbo.bb,Nowbanden
Emilie,Nunez,ka@sogni.org,Gamtekfik
Jason,Hughes,ipzognar@jomfum.jo,Golvuja
Christopher,McGuire,umo@vetuk.gf,Arpozum
Hilda,Myers,de@hafub.im,Fegwagjib
Vincent,Lamb,epocenod@ehoukbuz.gov,Dahupzus
Antonio,Barnett,sav@gemoba.tf,Mofeciwe
Garrett,Hawkins,relego@niglowbo.nl,Esaremhab
Susie,Harris,kab@cug.gq,Alhontun
Marcus,Jordan,lehiluge@memo.pl,Gionol
Jimmy,Fleming,ubzeeru@zuwoz.nz,Jisvicos
Randall,Patrick,nabu@ov.bh,Dudcuba
Mildred,Moore,zufoti@pes.cz,Okgiul
Todd,Bailey,ufalo@aziehi.ci,Ozroez
Lillie,Snyder,rahhupiho@gef.dm,Wesozgiv
Elijah,Floyd,ki@kilepwot.ch,Erapoene
Lora,Fox,eh@tair.hr,Uthute
Susie,Alvarez,li@cajop.az,Jonzeje
Logan,Wallace,acwed@kobsewbof.lu,Jenide
Frederick,Harvey,aponi@apo.cl,Koksenoga
Annie,Kennedy,diwwicla@mupaesa.sl,Zelpikid
Brett,Barnes,luzma@wilowon.gb,Huhheri
Nathan,Ortega,pos@bodsiv.yt,Wealelu
Mabelle,McKinney,udved@bior.th,Lefekup
Maude,Davis,obiegdo@mocu.ir,Dennodku
Sara,Washington,jo@zob.no,Foiwageg
Janie,Cross,latif@iha.pn,Cohnowkek
Etta,Shelton,kazgefol@vacovewow.kg,Teeradet
Willie,Reynolds,waceve@oguazutup.su,Rarikebof
Birdie,Frazier,jev@nudogfiz.aw,Jevughet
Isabelle,Kelly,na@zusfapsiv.re,Anosena
Violet,Arnold,peko@gurotwe.us,Fesete
Sarah,Huff,sihugo@be.sa,Ureatfap
Vera,Hammond,nornow@jeog.ye,Lenatlut
Eula,May,ika@tidep.ro,Pamutna
Connor,Gill,su@rempovi.mt,Bissokip
Alberta,Parsons,poztintiz@ti.uk,Moanosa
Cole,Ford,lujkem@na.cd,Zecdite
Adam,Steele,fugezipih@lasojwal.tk,Kaloluj
Hunter,Johnston,nibom@tednirsup.gd,Fiehsa
Wesley,Johnston,wuvefuk@femra.gb,Furpagac
Emily,Fowler,weglal@okocejag.de,Jakowe
Phillip,Buchanan,zukolal@cacbidu.nf,Pajesca
John,Rice,luvoma@sip.bv,Erdutme
Violet,Rowe,op@obivodag.cu,Hiobuga
Caleb,Walters,nampi@pam.al,Imogedfo
Winnie,Poole,finteza@nihlo.cy,Jubtiik
Samuel,Tyler,wosah@ejorevlo.hk,Vagjubna
William,Griffith,leg@wilcob.mk,Odfizi
Etta,Washington,rilgel@daswa.nf,Jereslaf
Craig,Simpson,pomi@docudboj.lb,Wuazri
Violet,Vargas,ovmote@gib.ee,Lamepze
Landon,Jackson,kinpietu@mupupa.sm,Rutresos
Nelle,Moore,boidezuj@owna.ph,Uzopgu
Rebecca,Reynolds,wedavod@fubeb.ws,Jimimez
Eva,Steele,zeazza@vobe.va,Ithepfe
Alta,Carpenter,davgowvaz@zicot.sc,Ephedor
Gregory,Ramos,wi@haj.gr,Gadervi
Jennie,Burns,zu@fimtehad.ng,Siahohab
Louise,Alexander,nig@filiwir.zw,Luepukot
Clara,Jenkins,jego@ag.gm,Pocime
Ronnie,Curtis,din@ajzeize.za,Tokoha
Evan,Terry,ko@rawru.at,Palsebis
Francis,McCarthy,iciifiise@ful.io,Artujpos
Alex,Flores,advi@bososow.tt,Ijhirgok
Stephen,Hall,owituuk@cizo.cz,Zutilog
Alan,Farmer,gis@epnev.gp,Dofdizpe
Gregory,Day,tef@duj.mx,Hulpiek
Lewis,McDonald,muomuli@veshubu.sv,Reagbeb
Jerry,West,semogim@vodunik.jm,Cobmiziw
Leon,Hale,jurbiggig@cucgipo.be,Kokjaku
Dollie,Garza,met@so.sb,Vikfiji
Jesus,Sanchez,hacun@de.lk,Jubortu
Fred,Berry,bezge@valsiz.mz,Ecohafi
Amelia,Murphy,je@zujel.ng,Micfoipu
Leo,Wilkerson,icemek@tipkofkow.bh,Sovbijfih
Linnie,Cohen,nat@mo.ml,Kaimubo
Lucas,Todd,kat@kiero.gr,Keolmo
Ollie,Simmons,hesiar@fuvelmuz.ug,Ileipvo
Alex,Chavez,co@ana.zw,Biwohatu
Lenora,Snyder,wawugi@ko.cv,Ipaatjum
Virgie,Glover,anjol@dorheuv.ng,Ditulic
Lola,Graves,cil@danmen.lk,Nuggivuza
Isabella,Ross,vu@tu.gg,Zoflidide
Isabella,Mendoza,jeaciwu@davedepo.sz,Futaze
Martha,Greene,les@lapepti.ci,Nolovteg
Mike,Oliver,hezvat@recoj.ec,Usuhopag
Tommy,McKenzie,mepefe@ki.sh,Onewuzke
Marian,Walker,rafah@gusawici.lr,Miszorep
Angel,Pope,nosisfo@sur.pk,Kigpuvabe
Olivia,Bell,riureka@zemoluesi.sr,Kapaklu
Brett,Parks,men@ho.mm,Poboti
Curtis,Evans,joora@rit.kz,Alwegtim
Charles,Bowman,himwasde@etdoezo.km,Zihdiffor
